--------------------------------------------------------
-- Archivo creado  - domingo-octubre-25-2020   
--------------------------------------------------------
DROP TABLE "GRUPO3"."BONIFICACIONES" cascade constraints;
DROP TABLE "GRUPO3"."BONIFICACIONESVISITAS" cascade constraints;
DROP TABLE "GRUPO3"."CLIENTES" cascade constraints;
DROP TABLE "GRUPO3"."EMPLEADOS" cascade constraints;
DROP TABLE "GRUPO3"."REGISTROSCLIENTES" cascade constraints;
DROP TABLE "GRUPO3"."REGISTROSEMPLEADOS" cascade constraints;
DROP TABLE "GRUPO3"."VISITAS" cascade constraints;
DROP TABLE "GRUPO3"."VISITASCLIENTES" cascade constraints;
DROP SEQUENCE "GRUPO3"."CBON";
DROP SEQUENCE "GRUPO3"."CRC";
DROP SEQUENCE "GRUPO3"."CRE";
DROP SEQUENCE "GRUPO3"."CREM";
DROP SEQUENCE "GRUPO3"."CVIS";
--------------------------------------------------------
--  DDL for Table BONIFICACIONES
--------------------------------------------------------

  CREATE TABLE "GRUPO3"."BONIFICACIONES" 
   (	"COD" NUMBER(5,0), 
	"CLIENTE" VARCHAR2(9 BYTE), 
	"NOMBRE" VARCHAR2(45 BYTE), 
	"DESCRIPCION" VARCHAR2(200 BYTE)
   ) SEGMENT CREATION DEFERRED 
  PCTFREE 10 PCTUSED 40 INITRANS 1 MAXTRANS 255 
 NOCOMPRESS LOGGING
  TABLESPACE "USERS" ;
--------------------------------------------------------
--  DDL for Table BONIFICACIONESVISITAS
--------------------------------------------------------

  CREATE TABLE "GRUPO3"."BONIFICACIONESVISITAS" 
   (	"BONIFICACION" NUMBER(5,0), 
	"VISITA" NUMBER(5,0)
   ) SEGMENT CREATION DEFERRED 
  PCTFREE 10 PCTUSED 40 INITRANS 1 MAXTRANS 255 
 NOCOMPRESS LOGGING
  TABLESPACE "USERS" ;
--------------------------------------------------------
--  DDL for Table CLIENTES
--------------------------------------------------------

  CREATE TABLE "GRUPO3"."CLIENTES" 
   (	"DNI" VARCHAR2(9 BYTE), 
	"NOMBRE" VARCHAR2(45 BYTE), 
	"APELLIDOS" VARCHAR2(100 BYTE), 
	"EDAD" NUMBER(3,0), 
	"PROFESION" VARCHAR2(30 BYTE), 
	"CONTRASENYA" VARCHAR2(10 BYTE)
   ) SEGMENT CREATION IMMEDIATE 
  PCTFREE 10 PCTUSED 40 INITRANS 1 MAXTRANS 255 
 NOCOMPRESS LOGGING
  STORAGE(INITIAL 65536 NEXT 1048576 MINEXTENTS 1 MAXEXTENTS 2147483645
  PCTINCREASE 0 FREELISTS 1 FREELIST GROUPS 1
  BUFFER_POOL DEFAULT FLASH_CACHE DEFAULT CELL_FLASH_CACHE DEFAULT)
  TABLESPACE "USERS" ;
--------------------------------------------------------
--  DDL for Table EMPLEADOS
--------------------------------------------------------

  CREATE TABLE "GRUPO3"."EMPLEADOS" 
   (	"DNI" VARCHAR2(9 BYTE), 
	"NOMBRE" VARCHAR2(45 BYTE), 
	"PRIMERAPELLIDO" VARCHAR2(45 BYTE), 
	"FECHANAC" DATE, 
	"FECHACONTRATACION" DATE, 
	"NACIONALIDAD" VARCHAR2(30 BYTE), 
	"CARGO" VARCHAR2(30 BYTE), 
	"CONTRASENYA" VARCHAR2(10 BYTE)
   ) SEGMENT CREATION IMMEDIATE 
  PCTFREE 10 PCTUSED 40 INITRANS 1 MAXTRANS 255 
 NOCOMPRESS LOGGING
  STORAGE(INITIAL 65536 NEXT 1048576 MINEXTENTS 1 MAXEXTENTS 2147483645
  PCTINCREASE 0 FREELISTS 1 FREELIST GROUPS 1
  BUFFER_POOL DEFAULT FLASH_CACHE DEFAULT CELL_FLASH_CACHE DEFAULT)
  TABLESPACE "USERS" ;
--------------------------------------------------------
--  DDL for Table REGISTROSCLIENTES
--------------------------------------------------------

  CREATE TABLE "GRUPO3"."REGISTROSCLIENTES" 
   (	"COD" NUMBER(10,0), 
	"CLIENTE" VARCHAR2(9 BYTE), 
	"FECHA" DATE, 
	"REGISTRO" VARCHAR2(100 BYTE)
   ) SEGMENT CREATION DEFERRED 
  PCTFREE 10 PCTUSED 40 INITRANS 1 MAXTRANS 255 
 NOCOMPRESS LOGGING
  TABLESPACE "USERS" ;
--------------------------------------------------------
--  DDL for Table REGISTROSEMPLEADOS
--------------------------------------------------------

  CREATE TABLE "GRUPO3"."REGISTROSEMPLEADOS" 
   (	"COD" NUMBER(10,0), 
	"EMPLEADO" VARCHAR2(9 BYTE), 
	"FECHA" DATE, 
	"REGISTRO" VARCHAR2(100 BYTE)
   ) SEGMENT CREATION DEFERRED 
  PCTFREE 10 PCTUSED 40 INITRANS 1 MAXTRANS 255 
 NOCOMPRESS LOGGING
  TABLESPACE "USERS" ;
--------------------------------------------------------
--  DDL for Table VISITAS
--------------------------------------------------------

  CREATE TABLE "GRUPO3"."VISITAS" 
   (	"COD" NUMBER(5,0), 
	"GUIA" VARCHAR2(9 BYTE), 
	"NOMBRE" VARCHAR2(45 BYTE), 
	"NUMMAXCLIENTES" NUMBER(3,0), 
	"PUNTOPARTIDA" VARCHAR2(100 BYTE), 
	"FECHA" DATE, 
	"ANYO" NUMBER(4,0), 
	"DURACIONESTIMADA" FLOAT(126), 
	"TEMATICA" VARCHAR2(45 BYTE), 
	"COSTE" FLOAT(126)
   ) SEGMENT CREATION IMMEDIATE 
  PCTFREE 10 PCTUSED 40 INITRANS 1 MAXTRANS 255 
 NOCOMPRESS LOGGING
  STORAGE(INITIAL 65536 NEXT 1048576 MINEXTENTS 1 MAXEXTENTS 2147483645
  PCTINCREASE 0 FREELISTS 1 FREELIST GROUPS 1
  BUFFER_POOL DEFAULT FLASH_CACHE DEFAULT CELL_FLASH_CACHE DEFAULT)
  TABLESPACE "USERS" ;
--------------------------------------------------------
--  DDL for Table VISITASCLIENTES
--------------------------------------------------------

  CREATE TABLE "GRUPO3"."VISITASCLIENTES" 
   (	"CLIENTE" VARCHAR2(9 BYTE), 
	"VISITA" NUMBER(5,0)
   ) SEGMENT CREATION IMMEDIATE 
  PCTFREE 10 PCTUSED 40 INITRANS 1 MAXTRANS 255 
 NOCOMPRESS LOGGING
  STORAGE(INITIAL 65536 NEXT 1048576 MINEXTENTS 1 MAXEXTENTS 2147483645
  PCTINCREASE 0 FREELISTS 1 FREELIST GROUPS 1
  BUFFER_POOL DEFAULT FLASH_CACHE DEFAULT CELL_FLASH_CACHE DEFAULT)
  TABLESPACE "USERS" ;
--------------------------------------------------------
--  DDL for Sequence CBON
--------------------------------------------------------

   CREATE SEQUENCE  "GRUPO3"."CBON"  MINVALUE 1 MAXVALUE 99999 INCREMENT BY 1 START WITH 1 CACHE 20 NOORDER  NOCYCLE  NOKEEP  NOSCALE  GLOBAL ;
--------------------------------------------------------
--  DDL for Sequence CRC
--------------------------------------------------------

   CREATE SEQUENCE  "GRUPO3"."CRC"  MINVALUE 1 MAXVALUE 99999 INCREMENT BY 1 START WITH 1 CACHE 20 NOORDER  NOCYCLE  NOKEEP  NOSCALE  GLOBAL ;
--------------------------------------------------------
--  DDL for Sequence CRE
--------------------------------------------------------

   CREATE SEQUENCE  "GRUPO3"."CRE"  MINVALUE 1 MAXVALUE 99999 INCREMENT BY 1 START WITH 1 CACHE 20 NOORDER  NOCYCLE  NOKEEP  NOSCALE  GLOBAL ;
--------------------------------------------------------
--  DDL for Sequence CREM
--------------------------------------------------------

   CREATE SEQUENCE  "GRUPO3"."CREM"  MINVALUE 1 MAXVALUE 99999 INCREMENT BY 1 START WITH 1 CACHE 20 NOORDER  NOCYCLE  NOKEEP  NOSCALE  GLOBAL ;
--------------------------------------------------------
--  DDL for Sequence CVIS
--------------------------------------------------------

   CREATE SEQUENCE  "GRUPO3"."CVIS"  MINVALUE 1 MAXVALUE 99999 INCREMENT BY 1 START WITH 121 CACHE 20 NOORDER  NOCYCLE  NOKEEP  NOSCALE  GLOBAL ;
REM INSERTING into GRUPO3.BONIFICACIONES
SET DEFINE OFF;
REM INSERTING into GRUPO3.BONIFICACIONESVISITAS
SET DEFINE OFF;
REM INSERTING into GRUPO3.CLIENTES
SET DEFINE OFF;
Insert into GRUPO3.CLIENTES (DNI,NOMBRE,APELLIDOS,EDAD,PROFESION,CONTRASENYA) values ('27830420Y','Juan','Lopez','26','Estudiante','123');
Insert into GRUPO3.CLIENTES (DNI,NOMBRE,APELLIDOS,EDAD,PROFESION,CONTRASENYA) values ('66042655H','Jon','Armentia','27','Profesor','123');
Insert into GRUPO3.CLIENTES (DNI,NOMBRE,APELLIDOS,EDAD,PROFESION,CONTRASENYA) values ('02987212H','Andres','Montes','32','Enfermero','123');
Insert into GRUPO3.CLIENTES (DNI,NOMBRE,APELLIDOS,EDAD,PROFESION,CONTRASENYA) values ('88579140E','Miren','Baztarrika','40','Cocinero','123');
Insert into GRUPO3.CLIENTES (DNI,NOMBRE,APELLIDOS,EDAD,PROFESION,CONTRASENYA) values ('61557364A','Ane','Muñoz','14','Estudiante','123');
Insert into GRUPO3.CLIENTES (DNI,NOMBRE,APELLIDOS,EDAD,PROFESION,CONTRASENYA) values ('31301011N','Ane','Lago','25','Estudiante','123');
Insert into GRUPO3.CLIENTES (DNI,NOMBRE,APELLIDOS,EDAD,PROFESION,CONTRASENYA) values ('75395021D','Andrea','Montes','25','Estudiante','123');
Insert into GRUPO3.CLIENTES (DNI,NOMBRE,APELLIDOS,EDAD,PROFESION,CONTRASENYA) values ('35075921R','Olatz','Duque','26','Enfermero','123');
Insert into GRUPO3.CLIENTES (DNI,NOMBRE,APELLIDOS,EDAD,PROFESION,CONTRASENYA) values ('32324856N','Antonio','Banderas','30','Profesor','123');
Insert into GRUPO3.CLIENTES (DNI,NOMBRE,APELLIDOS,EDAD,PROFESION,CONTRASENYA) values ('02263253F','Alatz','Wellinton','50','Músico','123');
Insert into GRUPO3.CLIENTES (DNI,NOMBRE,APELLIDOS,EDAD,PROFESION,CONTRASENYA) values ('81816625V','Erlantz','Opakua','19','Estudiante','123');
Insert into GRUPO3.CLIENTES (DNI,NOMBRE,APELLIDOS,EDAD,PROFESION,CONTRASENYA) values ('97542624S','Joseba','Lopez','34','Enfermero','123');
Insert into GRUPO3.CLIENTES (DNI,NOMBRE,APELLIDOS,EDAD,PROFESION,CONTRASENYA) values ('98122714E','Cristina','Saenz','35','Profesor','123');
Insert into GRUPO3.CLIENTES (DNI,NOMBRE,APELLIDOS,EDAD,PROFESION,CONTRASENYA) values ('23134192X','Joana','Eraña','35','Músico','123');
Insert into GRUPO3.CLIENTES (DNI,NOMBRE,APELLIDOS,EDAD,PROFESION,CONTRASENYA) values ('82342985H','Rebbeca','Are','25','Estudiante','123');
Insert into GRUPO3.CLIENTES (DNI,NOMBRE,APELLIDOS,EDAD,PROFESION,CONTRASENYA) values ('70612391E','Pedro','Duque','23','Estudiante','123');
Insert into GRUPO3.CLIENTES (DNI,NOMBRE,APELLIDOS,EDAD,PROFESION,CONTRASENYA) values ('88762979E','Unai','Izaguirre','29','Músico','123');
Insert into GRUPO3.CLIENTES (DNI,NOMBRE,APELLIDOS,EDAD,PROFESION,CONTRASENYA) values ('04904584H','Gari','Landa','29','Cocinero','123');
Insert into GRUPO3.CLIENTES (DNI,NOMBRE,APELLIDOS,EDAD,PROFESION,CONTRASENYA) values ('41566066Y','Dani','Sarasua','60','Enfermero','123');
Insert into GRUPO3.CLIENTES (DNI,NOMBRE,APELLIDOS,EDAD,PROFESION,CONTRASENYA) values ('58895306B','Claudia','Lopez','60','Profesor','123');
REM INSERTING into GRUPO3.EMPLEADOS
SET DEFINE OFF;
Insert into GRUPO3.EMPLEADOS (DNI,NOMBRE,PRIMERAPELLIDO,FECHANAC,FECHACONTRATACION,NACIONALIDAD,CARGO,CONTRASENYA) values ('40293744K','Jon','Etxepare',to_date('26/06/95','DD/MM/RR'),to_date('18/04/10','DD/MM/RR'),'Española','RRHH','123');
Insert into GRUPO3.EMPLEADOS (DNI,NOMBRE,PRIMERAPELLIDO,FECHANAC,FECHACONTRATACION,NACIONALIDAD,CARGO,CONTRASENYA) values ('47729833A','Alberto','Olamo',to_date('20/05/90','DD/MM/RR'),to_date('18/04/10','DD/MM/RR'),'Española','Administrador','123');
Insert into GRUPO3.EMPLEADOS (DNI,NOMBRE,PRIMERAPELLIDO,FECHANAC,FECHACONTRATACION,NACIONALIDAD,CARGO,CONTRASENYA) values ('98458026V','Ruben','Otegui',to_date('18/02/85','DD/MM/RR'),to_date('18/04/10','DD/MM/RR'),'Española','Guía','123');
Insert into GRUPO3.EMPLEADOS (DNI,NOMBRE,PRIMERAPELLIDO,FECHANAC,FECHACONTRATACION,NACIONALIDAD,CARGO,CONTRASENYA) values ('14359118B','Oihane','Ramirez',to_date('20/09/75','DD/MM/RR'),to_date('18/04/11','DD/MM/RR'),'Española','Guía','123');
Insert into GRUPO3.EMPLEADOS (DNI,NOMBRE,PRIMERAPELLIDO,FECHANAC,FECHACONTRATACION,NACIONALIDAD,CARGO,CONTRASENYA) values ('21881776J','Miren','Puente',to_date('02/04/94','DD/MM/RR'),to_date('18/04/11','DD/MM/RR'),'Española','Guía','123');
Insert into GRUPO3.EMPLEADOS (DNI,NOMBRE,PRIMERAPELLIDO,FECHANAC,FECHACONTRATACION,NACIONALIDAD,CARGO,CONTRASENYA) values ('87818251A','Lander','Iturralde',to_date('30/01/93','DD/MM/RR'),to_date('18/04/11','DD/MM/RR'),'Española','Guía','123');
Insert into GRUPO3.EMPLEADOS (DNI,NOMBRE,PRIMERAPELLIDO,FECHANAC,FECHACONTRATACION,NACIONALIDAD,CARGO,CONTRASENYA) values ('83822411S','Ramón','Jungitu',to_date('10/08/92','DD/MM/RR'),to_date('18/04/13','DD/MM/RR'),'Española','Guía','123');
Insert into GRUPO3.EMPLEADOS (DNI,NOMBRE,PRIMERAPELLIDO,FECHANAC,FECHACONTRATACION,NACIONALIDAD,CARGO,CONTRASENYA) values ('71542855K','Jone','Hernandez',to_date('04/08/91','DD/MM/RR'),to_date('18/04/13','DD/MM/RR'),'Española','RRHH','123');
Insert into GRUPO3.EMPLEADOS (DNI,NOMBRE,PRIMERAPELLIDO,FECHANAC,FECHACONTRATACION,NACIONALIDAD,CARGO,CONTRASENYA) values ('11294707M','Laura','Galindo',to_date('18/10/98','DD/MM/RR'),to_date('18/04/15','DD/MM/RR'),'Española','Guía','123');
Insert into GRUPO3.EMPLEADOS (DNI,NOMBRE,PRIMERAPELLIDO,FECHANAC,FECHACONTRATACION,NACIONALIDAD,CARGO,CONTRASENYA) values ('50243197L','Iñigo','Setuain',to_date('06/01/86','DD/MM/RR'),to_date('18/04/20','DD/MM/RR'),'Española','Guía','123');
REM INSERTING into GRUPO3.REGISTROSCLIENTES
SET DEFINE OFF;
REM INSERTING into GRUPO3.REGISTROSEMPLEADOS
SET DEFINE OFF;
REM INSERTING into GRUPO3.VISITAS
SET DEFINE OFF;
Insert into GRUPO3.VISITAS (COD,GUIA,NOMBRE,NUMMAXCLIENTES,PUNTOPARTIDA,FECHA,ANYO,DURACIONESTIMADA,TEMATICA,COSTE) values ('42','98458026V','Ruta gastronómica por el centro de Vitoria','5','Virgen blanca',to_date('01/12/20','DD/MM/RR'),'2020','2,5','Gatronómico','20');
Insert into GRUPO3.VISITAS (COD,GUIA,NOMBRE,NUMMAXCLIENTES,PUNTOPARTIDA,FECHA,ANYO,DURACIONESTIMADA,TEMATICA,COSTE) values ('43','98458026V','Visita a los murales','6','Catedral vieja',to_date('20/11/20','DD/MM/RR'),'2020','2','Cultural','10');
Insert into GRUPO3.VISITAS (COD,GUIA,NOMBRE,NUMMAXCLIENTES,PUNTOPARTIDA,FECHA,ANYO,DURACIONESTIMADA,TEMATICA,COSTE) values ('44','14359118B','Visita nocturna','4','Fuente de los patos',to_date('02/11/20','DD/MM/RR'),'2020','3','Cultural','15');
Insert into GRUPO3.VISITAS (COD,GUIA,NOMBRE,NUMMAXCLIENTES,PUNTOPARTIDA,FECHA,ANYO,DURACIONESTIMADA,TEMATICA,COSTE) values ('45','14359118B','La ruta del agua','6','Fuente de los patos',to_date('20/12/20','DD/MM/RR'),'2020','1,5','Cultural','40');
Insert into GRUPO3.VISITAS (COD,GUIA,NOMBRE,NUMMAXCLIENTES,PUNTOPARTIDA,FECHA,ANYO,DURACIONESTIMADA,TEMATICA,COSTE) values ('46','14359118B','Pintxo pote','10','Calle gorbea nº5',to_date('15/12/20','DD/MM/RR'),'2020','2','Gatronómico','20');
Insert into GRUPO3.VISITAS (COD,GUIA,NOMBRE,NUMMAXCLIENTES,PUNTOPARTIDA,FECHA,ANYO,DURACIONESTIMADA,TEMATICA,COSTE) values ('47','21881776J','Visita a salburua','15','Letras de salburua',to_date('13/12/20','DD/MM/RR'),'2020','2,5','Montaña','10');
Insert into GRUPO3.VISITAS (COD,GUIA,NOMBRE,NUMMAXCLIENTES,PUNTOPARTIDA,FECHA,ANYO,DURACIONESTIMADA,TEMATICA,COSTE) values ('48','21881776J','Vuelta al anillo verde','10','Armentia',to_date('12/12/20','DD/MM/RR'),'2020','3','Montaña','20');
Insert into GRUPO3.VISITAS (COD,GUIA,NOMBRE,NUMMAXCLIENTES,PUNTOPARTIDA,FECHA,ANYO,DURACIONESTIMADA,TEMATICA,COSTE) values ('49','21881776J','Visita a la catedral','10','Entrada de la catedral',to_date('13/12/20','DD/MM/RR'),'2020','2,5','Cultural','60');
Insert into GRUPO3.VISITAS (COD,GUIA,NOMBRE,NUMMAXCLIENTES,PUNTOPARTIDA,FECHA,ANYO,DURACIONESTIMADA,TEMATICA,COSTE) values ('50','87818251A','Visita gastronómica ','8','calle cuchilleria',to_date('14/12/20','DD/MM/RR'),'2020','2','Gatronómico','60');
Insert into GRUPO3.VISITAS (COD,GUIA,NOMBRE,NUMMAXCLIENTES,PUNTOPARTIDA,FECHA,ANYO,DURACIONESTIMADA,TEMATICA,COSTE) values ('51','87818251A','Pintxo pote','10','Calle Gorbea',to_date('02/12/20','DD/MM/RR'),'2020','3','Gatronómico','20');
Insert into GRUPO3.VISITAS (COD,GUIA,NOMBRE,NUMMAXCLIENTES,PUNTOPARTIDA,FECHA,ANYO,DURACIONESTIMADA,TEMATICA,COSTE) values ('52','87818251A','Visita a la catedral','6','Entrada de la catedral',to_date('17/12/20','DD/MM/RR'),'2020','2','Cultural','50');
Insert into GRUPO3.VISITAS (COD,GUIA,NOMBRE,NUMMAXCLIENTES,PUNTOPARTIDA,FECHA,ANYO,DURACIONESTIMADA,TEMATICA,COSTE) values ('53','83822411S','Visita a Añana','10','Parking de Mendizorroza',to_date('18/12/20','DD/MM/RR'),'2020','2,5','Gatronómico','90');
Insert into GRUPO3.VISITAS (COD,GUIA,NOMBRE,NUMMAXCLIENTES,PUNTOPARTIDA,FECHA,ANYO,DURACIONESTIMADA,TEMATICA,COSTE) values ('54','83822411S','Visita gastronómica','5','Parking de Mendizorroza',to_date('19/12/20','DD/MM/RR'),'2020','1,5','Gatronómico','80');
Insert into GRUPO3.VISITAS (COD,GUIA,NOMBRE,NUMMAXCLIENTES,PUNTOPARTIDA,FECHA,ANYO,DURACIONESTIMADA,TEMATICA,COSTE) values ('55','83822411S','Vuelta al anillo verde','6','Zabalgana',to_date('20/12/20','DD/MM/RR'),'2020','2','Montaña','10');
Insert into GRUPO3.VISITAS (COD,GUIA,NOMBRE,NUMMAXCLIENTES,PUNTOPARTIDA,FECHA,ANYO,DURACIONESTIMADA,TEMATICA,COSTE) values ('56','11294707M','Visita al parque de Olarizu','5','Entrada de Olarizu',to_date('18/12/20','DD/MM/RR'),'2020','1,5','Montaña','10');
Insert into GRUPO3.VISITAS (COD,GUIA,NOMBRE,NUMMAXCLIENTES,PUNTOPARTIDA,FECHA,ANYO,DURACIONESTIMADA,TEMATICA,COSTE) values ('57','11294707M','Pintxo Pote','5','Calle Gorbea',to_date('19/12/20','DD/MM/RR'),'2020','130','Gatronómico','20');
Insert into GRUPO3.VISITAS (COD,GUIA,NOMBRE,NUMMAXCLIENTES,PUNTOPARTIDA,FECHA,ANYO,DURACIONESTIMADA,TEMATICA,COSTE) values ('58','11294707M','Visita gastronómica','5','Calle Dato nº5',to_date('20/12/20','DD/MM/RR'),'2020','3','Gatronómico','100');
Insert into GRUPO3.VISITAS (COD,GUIA,NOMBRE,NUMMAXCLIENTES,PUNTOPARTIDA,FECHA,ANYO,DURACIONESTIMADA,TEMATICA,COSTE) values ('59','50243197L','Pintxo Pote','5','Calle gorbea',to_date('18/12/20','DD/MM/RR'),'2020','2','Gatronómico','20');
Insert into GRUPO3.VISITAS (COD,GUIA,NOMBRE,NUMMAXCLIENTES,PUNTOPARTIDA,FECHA,ANYO,DURACIONESTIMADA,TEMATICA,COSTE) values ('60','50243197L','Visita a Añana','5','Parking de Mendizorroza',to_date('19/12/20','DD/MM/RR'),'2020','2','Gatronómico','90');
Insert into GRUPO3.VISITAS (COD,GUIA,NOMBRE,NUMMAXCLIENTES,PUNTOPARTIDA,FECHA,ANYO,DURACIONESTIMADA,TEMATICA,COSTE) values ('41','98458026V','Ruta por landa','5','Landa',to_date('21/11/20','DD/MM/RR'),'2020','2,4','Montaña','20');
REM INSERTING into GRUPO3.VISITASCLIENTES
SET DEFINE OFF;
Insert into GRUPO3.VISITASCLIENTES (CLIENTE,VISITA) values ('02987212H','48');
Insert into GRUPO3.VISITASCLIENTES (CLIENTE,VISITA) values ('02987212H','50');
Insert into GRUPO3.VISITASCLIENTES (CLIENTE,VISITA) values ('23134192X','49');
Insert into GRUPO3.VISITASCLIENTES (CLIENTE,VISITA) values ('23134192X','51');
Insert into GRUPO3.VISITASCLIENTES (CLIENTE,VISITA) values ('27830420Y','41');
Insert into GRUPO3.VISITASCLIENTES (CLIENTE,VISITA) values ('27830420Y','42');
Insert into GRUPO3.VISITASCLIENTES (CLIENTE,VISITA) values ('27830420Y','43');
Insert into GRUPO3.VISITASCLIENTES (CLIENTE,VISITA) values ('31301011N','46');
Insert into GRUPO3.VISITASCLIENTES (CLIENTE,VISITA) values ('31301011N','58');
Insert into GRUPO3.VISITASCLIENTES (CLIENTE,VISITA) values ('32324856N','45');
Insert into GRUPO3.VISITASCLIENTES (CLIENTE,VISITA) values ('32324856N','50');
Insert into GRUPO3.VISITASCLIENTES (CLIENTE,VISITA) values ('66042655H','44');
Insert into GRUPO3.VISITASCLIENTES (CLIENTE,VISITA) values ('66042655H','45');
Insert into GRUPO3.VISITASCLIENTES (CLIENTE,VISITA) values ('66042655H','46');
Insert into GRUPO3.VISITASCLIENTES (CLIENTE,VISITA) values ('75395021D','42');
Insert into GRUPO3.VISITASCLIENTES (CLIENTE,VISITA) values ('75395021D','48');
Insert into GRUPO3.VISITASCLIENTES (CLIENTE,VISITA) values ('81816625V','43');
Insert into GRUPO3.VISITASCLIENTES (CLIENTE,VISITA) values ('81816625V','47');
Insert into GRUPO3.VISITASCLIENTES (CLIENTE,VISITA) values ('88579140E','52');
Insert into GRUPO3.VISITASCLIENTES (CLIENTE,VISITA) values ('88579140E','54');
Insert into GRUPO3.VISITASCLIENTES (CLIENTE,VISITA) values ('88579140E','60');
Insert into GRUPO3.VISITASCLIENTES (CLIENTE,VISITA) values ('97542624S','44');
Insert into GRUPO3.VISITASCLIENTES (CLIENTE,VISITA) values ('97542624S','50');
Insert into GRUPO3.VISITASCLIENTES (CLIENTE,VISITA) values ('98122714E','42');
Insert into GRUPO3.VISITASCLIENTES (CLIENTE,VISITA) values ('98122714E','49');
--------------------------------------------------------
--  DDL for Index FK_VISCLI_PKVISCLI
--------------------------------------------------------

  CREATE UNIQUE INDEX "GRUPO3"."FK_VISCLI_PKVISCLI" ON "GRUPO3"."VISITASCLIENTES" ("CLIENTE", "VISITA") 
  PCTFREE 10 INITRANS 2 MAXTRANS 255 COMPUTE STATISTICS 
  STORAGE(INITIAL 65536 NEXT 1048576 MINEXTENTS 1 MAXEXTENTS 2147483645
  PCTINCREASE 0 FREELISTS 1 FREELIST GROUPS 1
  BUFFER_POOL DEFAULT FLASH_CACHE DEFAULT CELL_FLASH_CACHE DEFAULT)
  TABLESPACE "USERS" ;
--------------------------------------------------------
--  DDL for Index PK_BONVIS_PKBONVIS
--------------------------------------------------------

  CREATE UNIQUE INDEX "GRUPO3"."PK_BONVIS_PKBONVIS" ON "GRUPO3"."BONIFICACIONESVISITAS" ("BONIFICACION", "VISITA") 
  PCTFREE 10 INITRANS 2 MAXTRANS 255 COMPUTE STATISTICS 
  TABLESPACE "USERS" ;
--------------------------------------------------------
--  DDL for Trigger TRIG_BON
--------------------------------------------------------

  CREATE OR REPLACE NONEDITIONABLE TRIGGER "GRUPO3"."TRIG_BON" 
BEFORE INSERT ON BONIFICACIONES
FOR EACH ROW
BEGIN
SELECT cBON.NEXTVAL INTO :NEW.cod FROM DUAL;
END;
/
ALTER TRIGGER "GRUPO3"."TRIG_BON" ENABLE;
--------------------------------------------------------
--  DDL for Trigger TRIG_RC
--------------------------------------------------------

  CREATE OR REPLACE NONEDITIONABLE TRIGGER "GRUPO3"."TRIG_RC" 
BEFORE INSERT ON REGISTROSCLIENTES
FOR EACH ROW
BEGIN
SELECT cRC.NEXTVAL INTO :NEW.cod FROM DUAL;
END;
/
ALTER TRIGGER "GRUPO3"."TRIG_RC" ENABLE;
--------------------------------------------------------
--  DDL for Trigger TRIG_RE
--------------------------------------------------------

  CREATE OR REPLACE NONEDITIONABLE TRIGGER "GRUPO3"."TRIG_RE" 
BEFORE INSERT ON REGISTROSEMPLEADOS
FOR EACH ROW
BEGIN
SELECT cRE.NEXTVAL INTO :NEW.cod FROM DUAL;
END;
/
ALTER TRIGGER "GRUPO3"."TRIG_RE" ENABLE;
--------------------------------------------------------
--  DDL for Trigger TRIG_VIS
--------------------------------------------------------

  CREATE OR REPLACE NONEDITIONABLE TRIGGER "GRUPO3"."TRIG_VIS" 
BEFORE INSERT ON VISITAS
FOR EACH ROW
BEGIN
SELECT cVIS.NEXTVAL INTO :NEW.cod FROM DUAL;
END;
/
ALTER TRIGGER "GRUPO3"."TRIG_VIS" ENABLE;
--------------------------------------------------------
--  Constraints for Table REGISTROSEMPLEADOS
--------------------------------------------------------

  ALTER TABLE "GRUPO3"."REGISTROSEMPLEADOS" MODIFY ("COD" NOT NULL ENABLE);
  ALTER TABLE "GRUPO3"."REGISTROSEMPLEADOS" MODIFY ("EMPLEADO" NOT NULL ENABLE);
  ALTER TABLE "GRUPO3"."REGISTROSEMPLEADOS" MODIFY ("FECHA" NOT NULL ENABLE);
  ALTER TABLE "GRUPO3"."REGISTROSEMPLEADOS" MODIFY ("REGISTRO" NOT NULL ENABLE);
  ALTER TABLE "GRUPO3"."REGISTROSEMPLEADOS" ADD PRIMARY KEY ("COD")
  USING INDEX PCTFREE 10 INITRANS 2 MAXTRANS 255 COMPUTE STATISTICS 
  TABLESPACE "USERS"  ENABLE;
--------------------------------------------------------
--  Constraints for Table BONIFICACIONESVISITAS
--------------------------------------------------------

  ALTER TABLE "GRUPO3"."BONIFICACIONESVISITAS" MODIFY ("BONIFICACION" NOT NULL ENABLE);
  ALTER TABLE "GRUPO3"."BONIFICACIONESVISITAS" MODIFY ("VISITA" NOT NULL ENABLE);
  ALTER TABLE "GRUPO3"."BONIFICACIONESVISITAS" ADD CONSTRAINT "PK_BONVIS_PKBONVIS" PRIMARY KEY ("BONIFICACION", "VISITA")
  USING INDEX PCTFREE 10 INITRANS 2 MAXTRANS 255 COMPUTE STATISTICS 
  TABLESPACE "USERS"  ENABLE;
--------------------------------------------------------
--  Constraints for Table CLIENTES
--------------------------------------------------------

  ALTER TABLE "GRUPO3"."CLIENTES" MODIFY ("DNI" NOT NULL ENABLE);
  ALTER TABLE "GRUPO3"."CLIENTES" ADD PRIMARY KEY ("DNI")
  USING INDEX PCTFREE 10 INITRANS 2 MAXTRANS 255 COMPUTE STATISTICS 
  STORAGE(INITIAL 65536 NEXT 1048576 MINEXTENTS 1 MAXEXTENTS 2147483645
  PCTINCREASE 0 FREELISTS 1 FREELIST GROUPS 1
  BUFFER_POOL DEFAULT FLASH_CACHE DEFAULT CELL_FLASH_CACHE DEFAULT)
  TABLESPACE "USERS"  ENABLE;
--------------------------------------------------------
--  Constraints for Table VISITAS
--------------------------------------------------------

  ALTER TABLE "GRUPO3"."VISITAS" MODIFY ("COD" NOT NULL ENABLE);
  ALTER TABLE "GRUPO3"."VISITAS" ADD PRIMARY KEY ("COD")
  USING INDEX PCTFREE 10 INITRANS 2 MAXTRANS 255 COMPUTE STATISTICS 
  STORAGE(INITIAL 65536 NEXT 1048576 MINEXTENTS 1 MAXEXTENTS 2147483645
  PCTINCREASE 0 FREELISTS 1 FREELIST GROUPS 1
  BUFFER_POOL DEFAULT FLASH_CACHE DEFAULT CELL_FLASH_CACHE DEFAULT)
  TABLESPACE "USERS"  ENABLE;
--------------------------------------------------------
--  Constraints for Table BONIFICACIONES
--------------------------------------------------------

  ALTER TABLE "GRUPO3"."BONIFICACIONES" MODIFY ("COD" NOT NULL ENABLE);
  ALTER TABLE "GRUPO3"."BONIFICACIONES" MODIFY ("CLIENTE" NOT NULL ENABLE);
  ALTER TABLE "GRUPO3"."BONIFICACIONES" ADD PRIMARY KEY ("COD")
  USING INDEX PCTFREE 10 INITRANS 2 MAXTRANS 255 COMPUTE STATISTICS 
  TABLESPACE "USERS"  ENABLE;
--------------------------------------------------------
--  Constraints for Table VISITASCLIENTES
--------------------------------------------------------

  ALTER TABLE "GRUPO3"."VISITASCLIENTES" MODIFY ("CLIENTE" NOT NULL ENABLE);
  ALTER TABLE "GRUPO3"."VISITASCLIENTES" MODIFY ("VISITA" NOT NULL ENABLE);
  ALTER TABLE "GRUPO3"."VISITASCLIENTES" ADD CONSTRAINT "FK_VISCLI_PKVISCLI" PRIMARY KEY ("CLIENTE", "VISITA")
  USING INDEX PCTFREE 10 INITRANS 2 MAXTRANS 255 COMPUTE STATISTICS 
  STORAGE(INITIAL 65536 NEXT 1048576 MINEXTENTS 1 MAXEXTENTS 2147483645
  PCTINCREASE 0 FREELISTS 1 FREELIST GROUPS 1
  BUFFER_POOL DEFAULT FLASH_CACHE DEFAULT CELL_FLASH_CACHE DEFAULT)
  TABLESPACE "USERS"  ENABLE;
--------------------------------------------------------
--  Constraints for Table EMPLEADOS
--------------------------------------------------------

  ALTER TABLE "GRUPO3"."EMPLEADOS" MODIFY ("DNI" NOT NULL ENABLE);
  ALTER TABLE "GRUPO3"."EMPLEADOS" ADD PRIMARY KEY ("DNI")
  USING INDEX PCTFREE 10 INITRANS 2 MAXTRANS 255 COMPUTE STATISTICS 
  STORAGE(INITIAL 65536 NEXT 1048576 MINEXTENTS 1 MAXEXTENTS 2147483645
  PCTINCREASE 0 FREELISTS 1 FREELIST GROUPS 1
  BUFFER_POOL DEFAULT FLASH_CACHE DEFAULT CELL_FLASH_CACHE DEFAULT)
  TABLESPACE "USERS"  ENABLE;
--------------------------------------------------------
--  Constraints for Table REGISTROSCLIENTES
--------------------------------------------------------

  ALTER TABLE "GRUPO3"."REGISTROSCLIENTES" MODIFY ("COD" NOT NULL ENABLE);
  ALTER TABLE "GRUPO3"."REGISTROSCLIENTES" MODIFY ("CLIENTE" NOT NULL ENABLE);
  ALTER TABLE "GRUPO3"."REGISTROSCLIENTES" MODIFY ("FECHA" NOT NULL ENABLE);
  ALTER TABLE "GRUPO3"."REGISTROSCLIENTES" MODIFY ("REGISTRO" NOT NULL ENABLE);
  ALTER TABLE "GRUPO3"."REGISTROSCLIENTES" ADD PRIMARY KEY ("COD")
  USING INDEX PCTFREE 10 INITRANS 2 MAXTRANS 255 COMPUTE STATISTICS 
  TABLESPACE "USERS"  ENABLE;
--------------------------------------------------------
--  Ref Constraints for Table BONIFICACIONES
--------------------------------------------------------

  ALTER TABLE "GRUPO3"."BONIFICACIONES" ADD CONSTRAINT "FK_CLIENTE_BONIFICACION" FOREIGN KEY ("CLIENTE")
	  REFERENCES "GRUPO3"."CLIENTES" ("DNI") ON DELETE CASCADE ENABLE;
--------------------------------------------------------
--  Ref Constraints for Table BONIFICACIONESVISITAS
--------------------------------------------------------

  ALTER TABLE "GRUPO3"."BONIFICACIONESVISITAS" ADD CONSTRAINT "FK_BONIFICACION_BONIFICACIONESVISITA" FOREIGN KEY ("BONIFICACION")
	  REFERENCES "GRUPO3"."BONIFICACIONES" ("COD") ON DELETE CASCADE ENABLE;
  ALTER TABLE "GRUPO3"."BONIFICACIONESVISITAS" ADD CONSTRAINT "FK_VISITA_BONIFICACIONESVISITA" FOREIGN KEY ("VISITA")
	  REFERENCES "GRUPO3"."VISITAS" ("COD") ON DELETE CASCADE ENABLE;
--------------------------------------------------------
--  Ref Constraints for Table REGISTROSCLIENTES
--------------------------------------------------------

  ALTER TABLE "GRUPO3"."REGISTROSCLIENTES" ADD CONSTRAINT "FK_CLIENTE_REGISCLI" FOREIGN KEY ("CLIENTE")
	  REFERENCES "GRUPO3"."CLIENTES" ("DNI") ON DELETE CASCADE ENABLE;
--------------------------------------------------------
--  Ref Constraints for Table REGISTROSEMPLEADOS
--------------------------------------------------------

  ALTER TABLE "GRUPO3"."REGISTROSEMPLEADOS" ADD CONSTRAINT "FK_EMPLEADO_REGISEMPLE" FOREIGN KEY ("EMPLEADO")
	  REFERENCES "GRUPO3"."EMPLEADOS" ("DNI") ON DELETE CASCADE ENABLE;
--------------------------------------------------------
--  Ref Constraints for Table VISITAS
--------------------------------------------------------

  ALTER TABLE "GRUPO3"."VISITAS" ADD CONSTRAINT "FK_EMPLEADOS_VISITA" FOREIGN KEY ("GUIA")
	  REFERENCES "GRUPO3"."EMPLEADOS" ("DNI") ON DELETE CASCADE ENABLE;
--------------------------------------------------------
--  Ref Constraints for Table VISITASCLIENTES
--------------------------------------------------------

  ALTER TABLE "GRUPO3"."VISITASCLIENTES" ADD CONSTRAINT "FK_VISITACLIENTE_CLIENTE" FOREIGN KEY ("CLIENTE")
	  REFERENCES "GRUPO3"."CLIENTES" ("DNI") ON DELETE CASCADE ENABLE;
  ALTER TABLE "GRUPO3"."VISITASCLIENTES" ADD CONSTRAINT "FK_VISITACLIENTE_VISITA" FOREIGN KEY ("VISITA")
	  REFERENCES "GRUPO3"."VISITAS" ("COD") ON DELETE CASCADE ENABLE;
